{
  "source_results": "results",
  "learned_phases_seed0": [
    -0.08154288913130674,
    1.1463188892228218,
    -0.12776169241746999,
    0.14384570243254638,
    0.13168457577480483,
    0.027899267800746676
  ],
  "loss_init": 1.3605825702634737,
  "loss_final": 9.639810193477287e-05
}